address,suburb,Actual_Price,Predicted_Price,LLM_Prediction,Human_Prediction,ML_Absolute_Error,LLM_Absolute_Error,Human_Absolute_Error,ML_Percentage_Error,LLM_Percentage_Error,Human_Percentage_Error
1 Tara Road,Blacktown,820000,980101.1679193125,1050000,1100000,160101.1679193125,230000,280000,19.52453267308689,28.04878048780488,34.146341463414636
40 Balmoral Street,Blacktown,936000,1078608.2486772486,1250000,1300000,142608.2486772486,314000,364000,15.235924003979552,33.547008547008545,38.88888888888889
28 Reservoir Road,Blacktown,1040000,1014791.5601666665,1350000,1400000,25208.439833333483,310000,360000,2.423888445512835,29.807692307692307,34.61538461538461
57 Walters Road,Blacktown,1221000,1051692.3626058204,1400000,1450000,169307.6373941796,179000,229000,13.866309368892676,14.66011466011466,18.755118755118755
9 Carrington Street,Parramatta,1785000,2001357.6398042326,2100000,2200000,216357.63980423263,315000,415000,12.120876179508832,17.647058823529413,23.249299719887954
38 Inkerman Street,Parramatta,2010500,1688235.4291871088,1750000,1800000,322264.57081289124,260500,210500,16.029075892210457,12.9569758766476,10.470032330266104
69 Belmont Road,Mosman,4125000,5310045.551587302,2000000,3000000,1185045.5515873022,2125000,1125000,28.728377008177024,51.515151515151516,27.27272727272727
5 Keston Avenue,Mosman,4400000,4183787.7764550266,2250000,3000000,216212.2235449734,2150000,1400000,4.9139141714766685,48.86363636363637,31.818181818181817
5 Botanic Road,Mosman,8700000,4928268.119047618,2700000,4000000,3771731.8809523825,6000000,4700000,43.35324001094693,68.96551724137932,54.02298850574713
40 Stanley Avenue,Mosman,20000000,10026639.263227511,4000000,6000000,9973360.736772489,16000000,14000000,49.86680368386244,80.0,70.0
