suburb,address,property_type,bedrooms,bathrooms,car_spaces,land_size,sale_date,sale_price,source_page
Mosman,5 Botanic Road,House,4,3,2.0,,2026-07-22,8700000,"https://www.realestate.com.au/sold/property-house-in-mosman,+nsw+2088/list-1-and-2"
Mosman,105 Holt Avenue,House,4,3,,,2026-06-05,3550000,"https://www.realestate.com.au/sold/property-house-in-mosman,+nsw+2088/list-1-and-2"
Mosman,96 Glover Street,House,4,3,2.0,379.0,2026-06-02,3390000,"https://www.realestate.com.au/sold/property-house-in-mosman,+nsw+2088/list-1-and-2"
Mosman,14 Erith Street,House,4,3,1.0,613.0,2026-04-11,5300000,"https://www.realestate.com.au/sold/property-house-in-mosman,+nsw+2088/list-1-and-2"
Mosman,130 Cowles Road,House,5,2,1.0,,2026-04-11,4200000,"https://www.realestate.com.au/sold/property-house-in-mosman,+nsw+2088/list-1-and-2"
Mosman,34 Rickard Avenue,House,7,3,2.0,,2026-03-27,9000000,"https://www.realestate.com.au/sold/property-house-in-mosman,+nsw+2088/list-1-and-2"
Mosman,10 Cyprian Street,House,4,3,2.0,556.4,2026-03-27,8500000,"https://www.realestate.com.au/sold/property-house-in-mosman,+nsw+2088/list-1-and-2"
Mosman,29 Pearl Bay Avenue,House,4,3,3.0,,2026-03-20,7198000,"https://www.realestate.com.au/sold/property-house-in-mosman,+nsw+2088/list-1-and-2"
Mosman,31 Ryrie Street,House,5,3,2.0,624.0,2026-03-07,3900000,"https://www.realestate.com.au/sold/property-house-in-mosman,+nsw+2088/list-1-and-2"
Mosman,33 Spofforth Street,House,4,3,3.0,,2026-03-02,5075000,"https://www.realestate.com.au/sold/property-house-in-mosman,+nsw+2088/list-1-and-2"
Mosman,1 Bray Street,House,3,2,1.0,296.0,2026-02-27,3750000,"https://www.realestate.com.au/sold/property-house-in-mosman,+nsw+2088/list-1-and-2"
Mosman,95 Rangers Avenue,Duplex/semi-detached,3,1,,221.0,2025-10-27,2907000,"https://www.realestate.com.au/sold/property-house-in-mosman,+nsw+2088/list-1-and-2"
Mosman,40 Stanley Avenue,House,5,5,2.0,920.0,2025-10-09,20000000,"https://www.realestate.com.au/sold/property-house-in-mosman,+nsw+2088/list-1-and-2"
Mosman,35 Lang Street,House,5,3,1.0,468.0,2025-09-27,5250000,"https://www.realestate.com.au/sold/property-house-in-mosman,+nsw+2088/list-1-and-2"
Mosman,16 Bay Street,House,5,4,3.0,806.0,2025-09-20,7350000,"https://www.realestate.com.au/sold/property-house-in-mosman,+nsw+2088/list-1-and-2"
Mosman,34 Harbour Street,House,4,1,1.0,,2025-09-20,3400000,"https://www.realestate.com.au/sold/property-house-in-mosman,+nsw+2088/list-1-and-2"
Mosman,27 Prince Street,House,3,1,1.0,300.0,2025-08-30,3600000,"https://www.realestate.com.au/sold/property-house-in-mosman,+nsw+2088/list-1-and-2"
Mosman,3 Want Street,House,4,1,,,2025-08-23,3325000,"https://www.realestate.com.au/sold/property-house-in-mosman,+nsw+2088/list-1-and-2"
Mosman,5 The Grove,House,4,3,4.0,660.0,2025-08-16,11360000,"https://www.realestate.com.au/sold/property-house-in-mosman,+nsw+2088/list-1-and-2"
Mosman,46 Royalist Road,House,5,3,2.0,468.0,2025-08-09,5700000,"https://www.realestate.com.au/sold/property-house-in-mosman,+nsw+2088/list-1-and-2"
Mosman,16 Upper Spit Road,House,5,5,2.0,,2025-08-02,6050000,"https://www.realestate.com.au/sold/property-house-in-mosman,+nsw+2088/list-1-and-2"
Mosman,37 Carrington Avenue,House,5,4,2.0,,2025-06-12,21500000,"https://www.realestate.com.au/sold/property-house-in-mosman,+nsw+2088/list-1-and-2"
Mosman,67 Raglan Street,House,5,3,2.0,904.0,2025-06-06,9650000,"https://www.realestate.com.au/sold/property-house-in-mosman,+nsw+2088/list-1-and-2"
Mosman,217 Raglan Street,House,6,3,3.0,660.0,2025-06-06,9150000,"https://www.realestate.com.au/sold/property-house-in-mosman,+nsw+2088/list-1-and-2"
Mosman,38 Dalton Road,Duplex/semi-detached,3,2,,,2025-05-31,2975000,"https://www.realestate.com.au/sold/property-house-in-mosman,+nsw+2088/list-1-and-2"
Mosman,3 Kahibah Road,House,5,2,2.0,524.8,2025-05-28,7100000,"https://www.realestate.com.au/sold/property-house-in-mosman,+nsw+2088/list-1-and-2"
Mosman,5 Keston Avenue,House,3,1,1.0,339.0,2025-05-28,4400000,"https://www.realestate.com.au/sold/property-house-in-mosman,+nsw+2088/list-1-and-2"
Mosman,2 Edwards Bay Road,House,4,5,2.0,,2025-05-22,12400000,"https://www.realestate.com.au/sold/property-house-in-mosman,+nsw+2088/list-1-and-2"
Mosman,44A Bond Street,House,3,2,1.0,,2025-05-16,3950000,"https://www.realestate.com.au/sold/property-house-in-mosman,+nsw+2088/list-1-and-2"
Mosman,9 Union Street,House,4,1,,581.7,2025-04-10,5810000,"https://www.realestate.com.au/sold/property-house-in-mosman,+nsw+2088/list-1-and-2"
Mosman,99 Muston Street,House,5,4,4.0,683.0,2025-04-06,14600000,"https://www.realestate.com.au/sold/property-house-in-mosman,+nsw+2088/list-1-and-2"
Mosman,49 Rangers Avenue,House,5,3,2.0,451.0,2025-04-01,4800000,"https://www.realestate.com.au/sold/property-house-in-mosman,+nsw+2088/list-1-and-2"
Mosman,19 Clanalpine Street,House,3,1,,,2025-03-15,7100000,"https://www.realestate.com.au/sold/property-house-in-mosman,+nsw+2088/list-1-and-2"
Mosman,69 Belmont Road,Duplex/semi-detached,3,2,2.0,194.0,2025-03-14,4125000,"https://www.realestate.com.au/sold/property-house-in-mosman,+nsw+2088/list-1-and-2"
Mosman,25 Boyle Street,House,5,3,2.0,,2025-03-07,6000000,"https://www.realestate.com.au/sold/property-house-in-mosman,+nsw+2088/list-1-and-2"
Parramatta,124 Thomas Street,House,3,1,1.0,739.0,2026-06-27,2300000,"https://www.realestate.com.au/sold/property-house-in-parramatta,+nsw+2150/list-1-and-2"
Parramatta,11 Pemberton Street,House,3,1,1.0,461.6,2026-05-27,1610000,"https://www.realestate.com.au/sold/property-house-in-parramatta,+nsw+2150/list-1-and-2"
Parramatta,39 Pitt Street,Duplex/semi-detached,5,3,2.0,319.8,2026-05-27,1438888,"https://www.realestate.com.au/sold/property-house-in-parramatta,+nsw+2150/list-1-and-2"
Parramatta,51 Gore Street,House,3,1,1.0,461.6,2026-05-16,1480000,"https://www.realestate.com.au/sold/property-house-in-parramatta,+nsw+2150/list-1-and-2"
Parramatta,28 Marsden Street,House,3,1,1.0,505.9,2026-05-02,1555000,"https://www.realestate.com.au/sold/property-house-in-parramatta,+nsw+2150/list-1-and-2"
Parramatta,13 Morton Street,House,4,3,2.0,461.6,2026-04-20,1800000,"https://www.realestate.com.au/sold/property-house-in-parramatta,+nsw+2150/list-1-and-2"
Parramatta,58 Crimea Street,House,3,2,2.0,613.4,2026-02-09,1620000,"https://www.realestate.com.au/sold/property-house-in-parramatta,+nsw+2150/list-1-and-2"
Parramatta,114 Thomas Street,House,3,2,1.0,381.0,2025-12-13,1360000,"https://www.realestate.com.au/sold/property-house-in-parramatta,+nsw+2150/list-1-and-2"
Parramatta,7 Trott Street,House,2,1,2.0,,2025-12-06,1150000,"https://www.realestate.com.au/sold/property-house-in-parramatta,+nsw+2150/list-1-and-2"
Parramatta,42 Morton Street,Duplex/semi-detached,5,3,2.0,,2025-11-17,2125000,"https://www.realestate.com.au/sold/property-house-in-parramatta,+nsw+2150/list-1-and-2"
Parramatta,38 Inkerman Street,House,3,2,4.0,698.6,2025-11-15,2010500,"https://www.realestate.com.au/sold/property-house-in-parramatta,+nsw+2150/list-1-and-2"
Parramatta,71 Pitt Street,House,6,2,5.0,455.3,2025-09-27,1771000,"https://www.realestate.com.au/sold/property-house-in-parramatta,+nsw+2150/list-1-and-2"
Parramatta,9 Carrington Street,House,5,3,2.0,455.0,2025-09-20,1785000,"https://www.realestate.com.au/sold/property-house-in-parramatta,+nsw+2150/list-1-and-2"
Parramatta,76 O'Connell Street,House,3,1,1.0,253.0,2025-07-05,1150000,"https://www.realestate.com.au/sold/property-house-in-parramatta,+nsw+2150/list-1-and-2"
Parramatta,41 Gore Street,House,3,2,1.0,449.0,2025-06-16,1660000,"https://www.realestate.com.au/sold/property-house-in-parramatta,+nsw+2150/list-1-and-2"
Parramatta,4 Alma Street,House,3,1,2.0,582.0,2025-06-14,1430000,"https://www.realestate.com.au/sold/property-house-in-parramatta,+nsw+2150/list-1-and-2"
Parramatta,8 Gould Place,House,3,3,2.0,467.9,2025-06-06,1950000,"https://www.realestate.com.au/sold/property-house-in-parramatta,+nsw+2150/list-1-and-2"
Parramatta,158 Railway Street,House,3,1,2.0,455.3,2025-05-24,1472000,"https://www.realestate.com.au/sold/property-house-in-parramatta,+nsw+2150/list-1-and-2"
Parramatta,113 Railway Street,House,2,1,,,2025-05-21,830000,"https://www.realestate.com.au/sold/property-house-in-parramatta,+nsw+2150/list-1-and-2"
Parramatta,33 Morton Street,House,4,2,2.0,455.3,2025-05-10,1672000,"https://www.realestate.com.au/sold/property-house-in-parramatta,+nsw+2150/list-1-and-2"
Parramatta,22 Young Street,House,3,1,2.0,,2025-05-10,1230000,"https://www.realestate.com.au/sold/property-house-in-parramatta,+nsw+2150/list-1-and-2"
Parramatta,12 Noller Parade,House,6,3,2.0,560.0,2025-05-09,2360000,"https://www.realestate.com.au/sold/property-house-in-parramatta,+nsw+2150/list-1-and-2"
Parramatta,30 Wandsworth Street,House,2,1,2.0,332.0,2025-05-03,1540000,"https://www.realestate.com.au/sold/property-house-in-parramatta,+nsw+2150/list-1-and-2"
Parramatta,6 Carrington Street,House,3,2,3.0,670.0,2025-04-29,1700000,"https://www.realestate.com.au/sold/property-house-in-parramatta,+nsw+2150/list-1-and-2"
Parramatta,6 Wandsworth Street,House,4,1,2.0,543.7,2025-04-12,1800000,"https://www.realestate.com.au/sold/property-house-in-parramatta,+nsw+2150/list-1-and-2"
Parramatta,109 Victoria Road,House,5,2,,396.0,2025-03-20,1248000,"https://www.realestate.com.au/sold/property-house-in-parramatta,+nsw+2150/list-1-and-2"
Parramatta,84 Crimea Street,House,5,3,2.0,303.0,2025-02-28,2170000,"https://www.realestate.com.au/sold/property-house-in-parramatta,+nsw+2150/list-1-and-2"
Parramatta,100 Crimea Street,House,3,2,1.0,303.5,2025-02-22,1200000,"https://www.realestate.com.au/sold/property-house-in-parramatta,+nsw+2150/list-1-and-2"
Parramatta,18 Glebe Street,House,3,1,1.0,423.7,2025-01-10,1850000,"https://www.realestate.com.au/sold/property-house-in-parramatta,+nsw+2150/list-1-and-2"
Parramatta,10 Fennell Street,House,3,1,1.0,,2024-12-20,1800000,"https://www.realestate.com.au/sold/property-house-in-parramatta,+nsw+2150/list-1-and-2"
Parramatta,5 Gould Place,House,3,1,2.0,,2024-12-07,2002000,"https://www.realestate.com.au/sold/property-house-in-parramatta,+nsw+2150/list-1-and-2"
Parramatta,13 Gore Street,House,3,2,2.0,,2024-11-23,1560000,"https://www.realestate.com.au/sold/property-house-in-parramatta,+nsw+2150/list-1-and-2"
Parramatta,21 Marion Street,Duplex/semi-detached,2,1,1.0,143.0,2024-11-22,770000,"https://www.realestate.com.au/sold/property-house-in-parramatta,+nsw+2150/list-1-and-2"
Parramatta,133 Victoria Road,House,4,2,2.0,697.0,2024-11-02,1500000,"https://www.realestate.com.au/sold/property-house-in-parramatta,+nsw+2150/list-1-and-2"
Parramatta,37 Morton Street,House,4,3,2.0,455.0,2024-09-07,2060000,"https://www.realestate.com.au/sold/property-house-in-parramatta,+nsw+2150/list-1-and-2"
Blacktown,22 Cansdale Street,House,3,2,2.0,556.0,2026-07-06,999999,"https://www.realestate.com.au/sold/property-house-in-blacktown,+nsw+2148/list-2-and-3"
Blacktown,27 Bimbil Street,House,5,2,2.0,,2026-07-05,1310000,"https://www.realestate.com.au/sold/property-house-in-blacktown,+nsw+2148/list-2-and-3"
Blacktown,74 Bungarribee Road,House,3,1,3.0,569.0,2026-07-05,901000,"https://www.realestate.com.au/sold/property-house-in-blacktown,+nsw+2148/list-2-and-3"
Blacktown,52a Allawah Street,House,6,3,8.0,817.0,2026-07-04,1881000,"https://www.realestate.com.au/sold/property-house-in-blacktown,+nsw+2148/list-2-and-3"
Blacktown,31 Kent Street,House,6,2,6.0,712.1,2026-07-04,1355000,"https://www.realestate.com.au/sold/property-house-in-blacktown,+nsw+2148/list-2-and-3"
Blacktown,56 Anthony Street,House,3,2,4.0,565.0,2026-07-03,1150000,"https://www.realestate.com.au/sold/property-house-in-blacktown,+nsw+2148/list-2-and-3"
Blacktown,8 Paul Street,House,3,1,1.0,556.0,2026-06-27,1000000,"https://www.realestate.com.au/sold/property-house-in-blacktown,+nsw+2148/list-2-and-3"
Blacktown,105 Harold Street,House,4,3,2.0,539.0,2026-06-22,1225000,"https://www.realestate.com.au/sold/property-house-in-blacktown,+nsw+2148/list-2-and-3"
Blacktown,1 Wilga Street,House,3,1,1.0,626.0,2026-06-22,950000,"https://www.realestate.com.au/sold/property-house-in-blacktown,+nsw+2148/list-2-and-3"
Blacktown,24 Valentine Street,House,5,2,2.0,556.0,2026-06-16,1580000,"https://www.realestate.com.au/sold/property-house-in-blacktown,+nsw+2148/list-2-and-3"
Blacktown,28 Reservoir Road,House,3,2,2.0,651.0,2026-06-16,1040000,"https://www.realestate.com.au/sold/property-house-in-blacktown,+nsw+2148/list-2-and-3"
Blacktown,28 Duckmallois Avenue,House,3,1,2.0,834.0,2026-06-15,1225000,"https://www.realestate.com.au/sold/property-house-in-blacktown,+nsw+2148/list-2-and-3"
Blacktown,46 Stewart Avenue,House,3,1,1.0,590.0,2026-06-15,995000,"https://www.realestate.com.au/sold/property-house-in-blacktown,+nsw+2148/list-2-and-3"
Blacktown,2 Archer Street,House,3,1,3.0,607.0,2026-06-15,985000,"https://www.realestate.com.au/sold/property-house-in-blacktown,+nsw+2148/list-2-and-3"
Blacktown,29 Brickfield Place,House,4,2,1.0,470.0,2026-06-15,970000,"https://www.realestate.com.au/sold/property-house-in-blacktown,+nsw+2148/list-2-and-3"
Blacktown,4 Burnie Street,House,3,1,2.0,,2026-06-14,1225000,"https://www.realestate.com.au/sold/property-house-in-blacktown,+nsw+2148/list-2-and-3"
Blacktown,31 & 31A Tulloch Street,House,6,3,4.0,556.0,2026-06-13,1340000,"https://www.realestate.com.au/sold/property-house-in-blacktown,+nsw+2148/list-2-and-3"
Blacktown,63 Newhaven Avenue,House,4,2,2.0,876.0,2026-06-13,1300000,"https://www.realestate.com.au/sold/property-house-in-blacktown,+nsw+2148/list-2-and-3"
Blacktown,30 Stewart Avenue,House,3,2,,556.4,2026-06-13,1000000,"https://www.realestate.com.au/sold/property-house-in-blacktown,+nsw+2148/list-2-and-3"
Blacktown,40 Balmoral Street,House,2,1,2.0,693.0,2026-06-13,936000,"https://www.realestate.com.au/sold/property-house-in-blacktown,+nsw+2148/list-2-and-3"
Blacktown,36 Wilga Street,House,3,2,2.0,,2026-06-12,1085000,"https://www.realestate.com.au/sold/property-house-in-blacktown,+nsw+2148/list-2-and-3"
Blacktown,13 Turner Street,House,3,1,2.0,562.0,2026-06-12,1020000,"https://www.realestate.com.au/sold/property-house-in-blacktown,+nsw+2148/list-2-and-3"
Blacktown,4 Maloney Street,House,4,4,2.0,301.0,2026-06-05,1246430,"https://www.realestate.com.au/sold/property-house-in-blacktown,+nsw+2148/list-2-and-3"
Blacktown,226 Bungarribee Road,House,4,1,1.0,752.0,2026-06-04,1150000,"https://www.realestate.com.au/sold/property-house-in-blacktown,+nsw+2148/list-2-and-3"
Blacktown,13 Brickfield Place,House,3,2,1.0,417.0,2026-06-04,972553,"https://www.realestate.com.au/sold/property-house-in-blacktown,+nsw+2148/list-2-and-3"
Blacktown,24 Twilight Crescent,House,3,2,2.0,,2026-08-10,1024000,"https://www.realestate.com.au/sold/property-house-in-blacktown,+nsw+2148/list-2-and-3"
Blacktown,57 Walters Road,House,3,1,1.0,835.0,2026-08-08,1221000,"https://www.realestate.com.au/sold/property-house-in-blacktown,+nsw+2148/list-2-and-3"
Blacktown,59 Walters Road,House,3,1,1.0,562.0,2026-08-08,900000,"https://www.realestate.com.au/sold/property-house-in-blacktown,+nsw+2148/list-2-and-3"
Blacktown,12 Siebel Street,House,5,2,1.0,560.0,2026-08-05,1080000,"https://www.realestate.com.au/sold/property-house-in-blacktown,+nsw+2148/list-2-and-3"
Blacktown,5 Aliberti Drive,House,3,2,1.0,441.5,2026-08-03,1060000,"https://www.realestate.com.au/sold/property-house-in-blacktown,+nsw+2148/list-2-and-3"
Blacktown,59 Lancaster Street,House,3,2,3.0,600.7,2026-07-31,900000,"https://www.realestate.com.au/sold/property-house-in-blacktown,+nsw+2148/list-2-and-3"
Blacktown,68 Eggleton Street,House,3,1,2.0,600.0,2026-07-30,900000,"https://www.realestate.com.au/sold/property-house-in-blacktown,+nsw+2148/list-2-and-3"
Blacktown,53 Pelleas Street,House,7,4,2.0,584.0,2026-07-29,1700000,"https://www.realestate.com.au/sold/property-house-in-blacktown,+nsw+2148/list-2-and-3"
Blacktown,28 Flyer Glade,House,2,2,1.0,,2026-07-29,870000,"https://www.realestate.com.au/sold/property-house-in-blacktown,+nsw+2148/list-2-and-3"
Blacktown,1 Tara Road,House,2,1,2.0,308.0,2026-07-29,820000,"https://www.realestate.com.au/sold/property-house-in-blacktown,+nsw+2148/list-2-and-3"
